dataset,method,mse,rmse,mae,monotonicity_violations,runtime_seconds
Australia GDP,Our cubic spline,5.990989829493178e-05,0.007740148467240908,0.004173677942095626,163,0.0006976000149734318
Australia GDP,Our monotone spline,2.6258950729308883e-05,0.005124348810269348,0.0025045979729188222,163,0.0006316000071819872
Australia GDP,Our taut spline tau=10.0,8.255139521291228e-06,0.002873175859791953,0.0016001328296527126,158,0.000673100003041327
Australia GDP,SciPy CubicSpline,5.9931336469173926e-05,0.007741533211785242,0.004194999544300202,163,0.00023090001195669174
Australia GDP,SciPy PCHIP,3.507075963662425e-05,0.0059220570443574965,0.002955587191339059,163,0.00014829999417997897
Australia GDP,Isotonic + our monotone spline,0.0014977913542739995,0.038701309464590467,0.01540881633615346,0,0.0007348000071942806
Australia GDP,SciPy smoothing spline,0.014949077131283694,0.12226641865730628,0.07673626451374246,99,0.00014329998521134257
Australia GDP,Polynomial regression degree 3,0.014949077131283697,0.1222664186573063,0.07673626451374126,99,0.0010108000133186579
