dataset,method,mse,mae,monotonicity_violations,runtime_seconds
Australia population,Our cubic spline,63172571.827018164,4405.647378330086,3,0.0006859000422991812
Australia population,Our monotone spline,30099047.42564029,3068.2588542144954,0,0.000569300027564168
Australia population,Our taut spline tau=10.0,8433524.569312157,1733.457344618712,0,0.0005873999907635152
Australia population,SciPy CubicSpline,77581182.38870881,4833.462775617319,3,0.0002777999616228044
Australia population,SciPy PCHIP,46139490.701109245,3503.605520990314,0,0.00013719999697059393
Australia population,Isotonic + our monotone spline,30099047.42564029,3068.2588542144954,0,0.000583500019274652
