dataset,method,mse,rmse,mae,turning_points,runtime_seconds
Australia inflation,Our cubic spline,0.055627585188237384,0.23585500882584068,0.16580779597439033,36,0.0007232999996631406
Australia inflation,Our taut spline tau=10.0,0.00709130429812811,0.08420988242556873,0.06235611886318753,34,0.0006819000045652501
Australia inflation,SciPy CubicSpline,0.05875652857423564,0.24239745991704542,0.1725708303626766,37,0.000207500001124572
Australia inflation,SciPy PCHIP,0.024610205760547826,0.15687640281619103,0.10068080872945276,32,0.00013729999773204327
Australia inflation,SciPy smoothing spline,2.7437218704031783,1.6564183862790156,1.2800714307233063,5,0.00015770000027259812
Australia inflation,Polynomial regression degree 4,4.956844380953735,2.22639717502375,1.7522422919820866,2,0.0009260000006179325
Australia inflation,Moving average baseline,1.3214963756467304,1.1495635587677309,0.8857138433380038,19,0.0
