dataset,method,mse,rmse,mae,monotonicity_violations_decreasing,runtime_seconds
Melbourne housing Distance vs Price,Our cubic spline,1800336056.8315055,42430.367154097374,27552.48774322267,351,0.0005283999998937361
Melbourne housing Distance vs Price,Isotonic + our monotone spline,7243760369.506666,85110.28357082748,65102.653290316826,0,0.0004800000024260953
Melbourne housing Distance vs Price,Our taut spline tau=10.0,62733460.8978833,7920.445751211437,5835.985201767024,359,0.0005004000049666502
Melbourne housing Distance vs Price,SciPy CubicSpline,2455168617.153853,49549.6580932084,33330.22986073405,332,0.00018529999942984432
Melbourne housing Distance vs Price,SciPy PCHIP,208172706.4253878,14428.191377486917,10374.784438415032,358,0.00012280000373721123
Melbourne housing Distance vs Price,SciPy smoothing spline,3621991836.155153,60182.98626817344,46526.99850917767,349,0.00018419999832985923
Melbourne housing Distance vs Price,Polynomial regression degree 3,9072261191.528471,95248.41831510102,73496.06328711493,258,0.0019070999987889081
